tavg,hum,Condition_En,Condition,Yesterday_Condition_En,Yesterday_Condition
15.1,83.0,1,Medium,0.0,Healthy
15.2,84.5,1,Medium,1.0,Medium
15.6,66.5,0,Healthy,1.0,Medium
15.0,80.0,1,Medium,0.0,Healthy
15.0,55.5,0,Healthy,1.0,Medium
16.8,51.5,0,Healthy,0.0,Healthy
14.7,74.5,1,Medium,0.0,Healthy
14.6,68.0,0,Healthy,1.0,Medium
14.6,80.5,1,Medium,0.0,Healthy
14.9,69.5,0,Healthy,1.0,Medium
15.3,68.0,0,Healthy,0.0,Healthy
16.1,53.0,0,Healthy,0.0,Healthy
15.6,40.5,0,Healthy,0.0,Healthy
15.5,63.5,0,Healthy,0.0,Healthy
16.3,46.0,0,Healthy,0.0,Healthy
14.4,73.0,1,Medium,0.0,Healthy
14.5,73.5,1,Medium,1.0,Medium
14.3,76.5,1,Medium,1.0,Medium
14.2,62.0,0,Healthy,1.0,Medium
14.8,34.0,0,Healthy,0.0,Healthy
14.6,53.0,0,Healthy,0.0,Healthy
14.2,51.5,0,Healthy,0.0,Healthy
15.1,69.5,0,Healthy,0.0,Healthy
14.4,68.0,0,Healthy,0.0,Healthy
13.7,65.5,0,Healthy,0.0,Healthy
13.6,66.0,0,Healthy,0.0,Healthy
14.7,56.0,0,Healthy,0.0,Healthy
15.8,64.5,0,Healthy,0.0,Healthy
15.6,50.5,0,Healthy,0.0,Healthy
14.9,69.5,0,Healthy,0.0,Healthy
14.8,59.5,0,Healthy,0.0,Healthy
15.3,47.0,0,Healthy,0.0,Healthy
13.8,34.0,0,Healthy,0.0,Healthy
16.3,32.5,0,Healthy,0.0,Healthy
15.6,58.0,0,Healthy,0.0,Healthy
15.1,58.0,0,Healthy,0.0,Healthy
14.3,72.0,1,Medium,0.0,Healthy
15.9,35.5,0,Healthy,1.0,Medium
15.5,42.0,0,Healthy,0.0,Healthy
15.1,73.5,1,Medium,0.0,Healthy
15.1,69.0,0,Healthy,1.0,Medium
17.2,55.5,0,Healthy,0.0,Healthy
14.2,92.5,2,Poor,0.0,Healthy
15.2,51.5,0,Healthy,2.0,Poor
14.2,64.0,0,Healthy,0.0,Healthy
14.9,61.0,0,Healthy,0.0,Healthy
15.1,61.0,0,Healthy,0.0,Healthy
15.6,61.0,0,Healthy,0.0,Healthy
15.3,69.0,0,Healthy,0.0,Healthy
16.4,65.0,0,Healthy,0.0,Healthy
16.2,58.5,0,Healthy,0.0,Healthy
15.1,38.0,0,Healthy,0.0,Healthy
15.5,65.5,0,Healthy,0.0,Healthy
14.4,74.0,1,Medium,0.0,Healthy
16.8,55.0,0,Healthy,1.0,Medium
15.1,74.5,1,Medium,0.0,Healthy
14.6,69.0,0,Healthy,1.0,Medium
14.5,68.0,0,Healthy,0.0,Healthy
14.1,61.0,0,Healthy,0.0,Healthy
14.3,63.0,0,Healthy,0.0,Healthy
15.6,75.5,1,Medium,0.0,Healthy
15.2,61.5,0,Healthy,1.0,Medium
15.6,57.5,0,Healthy,0.0,Healthy
15.8,54.5,0,Healthy,0.0,Healthy
16.0,56.0,0,Healthy,0.0,Healthy
15.5,70.5,1,Medium,0.0,Healthy
16.2,45.5,0,Healthy,1.0,Medium
17.3,38.0,0,Healthy,0.0,Healthy
16.2,60.5,0,Healthy,0.0,Healthy
16.2,58.0,0,Healthy,0.0,Healthy
15.5,67.5,0,Healthy,0.0,Healthy
16.6,69.5,1,Medium,0.0,Healthy
17.4,65.5,0,Healthy,1.0,Medium
16.1,69.5,1,Medium,0.0,Healthy
16.3,55.0,0,Healthy,1.0,Medium
16.4,64.0,0,Healthy,0.0,Healthy
15.9,60.5,0,Healthy,0.0,Healthy
15.9,62.5,0,Healthy,0.0,Healthy
17.4,46.0,0,Healthy,0.0,Healthy
17.0,57.5,0,Healthy,0.0,Healthy
17.2,72.5,1,Medium,0.0,Healthy
16.3,78.0,1,Medium,1.0,Medium
16.6,68.0,0,Healthy,1.0,Medium
16.4,32.0,0,Healthy,0.0,Healthy
16.8,65.0,0,Healthy,0.0,Healthy
17.2,66.5,0,Healthy,0.0,Healthy
17.1,62.5,0,Healthy,0.0,Healthy
16.7,45.0,0,Healthy,0.0,Healthy
16.5,31.0,1,Medium,0.0,Healthy
16.6,33.0,0,Healthy,1.0,Medium
16.4,61.0,0,Healthy,0.0,Healthy
16.3,51.0,0,Healthy,0.0,Healthy
16.3,45.5,0,Healthy,0.0,Healthy
15.9,53.0,0,Healthy,0.0,Healthy
15.2,49.5,0,Healthy,0.0,Healthy
17.1,52.5,0,Healthy,0.0,Healthy
15.2,57.0,0,Healthy,0.0,Healthy
15.7,52.5,0,Healthy,0.0,Healthy
15.7,75.5,1,Medium,0.0,Healthy
17.7,60.0,0,Healthy,1.0,Medium
16.1,58.5,0,Healthy,0.0,Healthy
16.6,48.5,0,Healthy,0.0,Healthy
17.1,52.0,0,Healthy,0.0,Healthy
17.3,46.0,0,Healthy,0.0,Healthy
17.5,43.0,0,Healthy,0.0,Healthy
15.9,60.0,0,Healthy,0.0,Healthy
17.1,47.0,0,Healthy,0.0,Healthy
17.1,57.5,0,Healthy,0.0,Healthy
16.9,49.0,0,Healthy,0.0,Healthy
17.1,50.5,0,Healthy,0.0,Healthy
16.3,55.0,0,Healthy,0.0,Healthy
15.7,68.0,0,Healthy,0.0,Healthy
16.8,52.0,0,Healthy,0.0,Healthy
16.6,54.0,0,Healthy,0.0,Healthy
17.4,45.0,0,Healthy,0.0,Healthy
18.3,43.0,0,Healthy,0.0,Healthy
16.4,47.0,0,Healthy,0.0,Healthy
16.3,50.0,0,Healthy,0.0,Healthy
17.7,51.5,0,Healthy,0.0,Healthy
16.7,63.0,0,Healthy,0.0,Healthy
17.9,60.0,0,Healthy,0.0,Healthy
17.6,52.5,0,Healthy,0.0,Healthy
17.3,44.0,0,Healthy,0.0,Healthy
17.4,59.0,0,Healthy,0.0,Healthy
16.9,58.5,0,Healthy,0.0,Healthy
17.8,52.5,0,Healthy,0.0,Healthy
17.1,64.5,0,Healthy,0.0,Healthy
16.8,72.5,1,Medium,0.0,Healthy
16.6,75.5,1,Medium,1.0,Medium
16.2,82.5,1,Medium,1.0,Medium
16.2,73.5,1,Medium,1.0,Medium
16.0,83.5,1,Medium,1.0,Medium
16.0,81.5,1,Medium,1.0,Medium
15.6,85.0,1,Medium,1.0,Medium
15.9,85.0,1,Medium,1.0,Medium
16.0,86.0,1,Medium,1.0,Medium
16.0,93.0,2,Poor,1.0,Medium
15.9,87.5,1,Medium,2.0,Poor
16.6,74.5,1,Medium,1.0,Medium
16.4,77.0,1,Medium,1.0,Medium
16.1,74.5,1,Medium,1.0,Medium
16.2,80.5,1,Medium,1.0,Medium
16.0,79.5,1,Medium,1.0,Medium
17.3,68.0,1,Medium,1.0,Medium
16.1,71.5,1,Medium,1.0,Medium
15.5,79.0,1,Medium,1.0,Medium
16.0,73.5,1,Medium,1.0,Medium
15.2,91.0,2,Poor,1.0,Medium
15.8,84.0,1,Medium,2.0,Poor
16.3,81.0,1,Medium,1.0,Medium
16.2,75.5,1,Medium,1.0,Medium
17.1,64.5,0,Healthy,1.0,Medium
17.0,65.0,0,Healthy,0.0,Healthy
16.1,74.5,1,Medium,0.0,Healthy
15.6,81.5,1,Medium,1.0,Medium
16.4,63.0,0,Healthy,1.0,Medium
16.7,73.0,1,Medium,0.0,Healthy
17.1,64.0,0,Healthy,1.0,Medium
16.1,74.5,1,Medium,0.0,Healthy
16.4,68.0,0,Healthy,1.0,Medium
16.6,59.5,0,Healthy,0.0,Healthy
17.2,60.0,0,Healthy,0.0,Healthy
15.8,64.0,0,Healthy,0.0,Healthy
16.1,73.0,1,Medium,0.0,Healthy
16.5,70.0,1,Medium,1.0,Medium
16.8,66.0,0,Healthy,1.0,Medium
16.2,62.5,0,Healthy,0.0,Healthy
17.1,61.0,0,Healthy,0.0,Healthy
15.8,73.5,1,Medium,0.0,Healthy
14.8,74.0,1,Medium,1.0,Medium
16.3,66.0,0,Healthy,1.0,Medium
15.8,79.0,1,Medium,0.0,Healthy
15.9,82.5,1,Medium,1.0,Medium
15.5,78.5,1,Medium,1.0,Medium
16.2,70.0,1,Medium,1.0,Medium
16.1,76.5,1,Medium,1.0,Medium
16.4,76.0,1,Medium,1.0,Medium
15.6,77.0,1,Medium,1.0,Medium
17.2,68.5,1,Medium,1.0,Medium
17.2,68.0,1,Medium,1.0,Medium
15.7,82.5,1,Medium,1.0,Medium
15.6,73.5,1,Medium,1.0,Medium
14.6,89.5,1,Medium,1.0,Medium
15.2,85.0,1,Medium,1.0,Medium
15.5,88.5,1,Medium,1.0,Medium
16.2,73.5,1,Medium,1.0,Medium
14.9,87.0,1,Medium,1.0,Medium
14.7,87.5,1,Medium,1.0,Medium
14.7,85.5,1,Medium,1.0,Medium
14.7,87.0,1,Medium,1.0,Medium
14.8,76.5,1,Medium,1.0,Medium
14.7,78.0,1,Medium,1.0,Medium
15.6,72.0,1,Medium,1.0,Medium
15.7,72.5,1,Medium,1.0,Medium
17.2,62.5,0,Healthy,1.0,Medium
17.2,51.0,0,Healthy,0.0,Healthy
17.3,46.0,0,Healthy,0.0,Healthy
17.7,46.0,0,Healthy,0.0,Healthy
16.4,69.0,1,Medium,0.0,Healthy
16.5,67.0,0,Healthy,1.0,Medium
15.6,80.5,1,Medium,0.0,Healthy
16.2,79.0,1,Medium,1.0,Medium
17.2,57.0,0,Healthy,1.0,Medium
16.7,63.5,0,Healthy,0.0,Healthy
16.1,70.0,1,Medium,0.0,Healthy
15.8,72.0,1,Medium,1.0,Medium
16.0,75.5,1,Medium,1.0,Medium
15.2,59.0,0,Healthy,1.0,Medium
16.2,59.5,0,Healthy,0.0,Healthy
15.4,77.0,1,Medium,0.0,Healthy
14.6,86.5,1,Medium,1.0,Medium
14.8,92.5,2,Poor,1.0,Medium
14.5,92.5,2,Poor,2.0,Poor
14.6,84.0,1,Medium,2.0,Poor
14.6,86.5,1,Medium,1.0,Medium
14.6,76.0,1,Medium,1.0,Medium
14.6,83.5,1,Medium,1.0,Medium
14.5,82.5,1,Medium,1.0,Medium
16.1,69.0,1,Medium,1.0,Medium
16.4,70.0,1,Medium,1.0,Medium
16.1,67.0,0,Healthy,1.0,Medium
17.0,54.5,0,Healthy,0.0,Healthy
16.6,48.0,0,Healthy,0.0,Healthy
16.1,45.0,0,Healthy,0.0,Healthy
16.6,48.5,0,Healthy,0.0,Healthy
17.1,55.0,0,Healthy,0.0,Healthy
16.4,64.5,0,Healthy,0.0,Healthy
16.0,72.5,1,Medium,0.0,Healthy
16.8,60.0,0,Healthy,1.0,Medium
15.9,68.5,0,Healthy,0.0,Healthy
15.2,74.0,1,Medium,0.0,Healthy
15.1,79.5,1,Medium,1.0,Medium
15.1,84.5,1,Medium,1.0,Medium
15.5,69.0,0,Healthy,1.0,Medium
15.6,68.5,0,Healthy,0.0,Healthy
14.4,83.5,1,Medium,0.0,Healthy
14.9,67.0,0,Healthy,1.0,Medium
15.7,67.5,0,Healthy,0.0,Healthy
15.8,61.5,0,Healthy,0.0,Healthy
15.3,76.0,1,Medium,0.0,Healthy
14.2,86.0,1,Medium,1.0,Medium
14.7,75.0,1,Medium,1.0,Medium
15.4,76.5,1,Medium,1.0,Medium
16.6,67.0,0,Healthy,1.0,Medium
14.8,81.0,1,Medium,0.0,Healthy
14.5,89.5,1,Medium,1.0,Medium
14.5,87.0,1,Medium,1.0,Medium
15.0,71.5,1,Medium,1.0,Medium
14.9,78.0,1,Medium,1.0,Medium
15.9,75.0,1,Medium,1.0,Medium
15.5,67.0,0,Healthy,1.0,Medium
15.4,70.0,1,Medium,0.0,Healthy
15.2,57.5,0,Healthy,1.0,Medium
16.2,59.0,0,Healthy,0.0,Healthy
15.9,66.5,0,Healthy,0.0,Healthy
15.9,56.0,0,Healthy,0.0,Healthy
16.2,57.5,0,Healthy,0.0,Healthy
15.5,57.0,0,Healthy,0.0,Healthy
15.7,65.5,0,Healthy,0.0,Healthy
15.9,68.5,0,Healthy,0.0,Healthy
16.0,66.5,0,Healthy,0.0,Healthy
16.1,64.5,0,Healthy,0.0,Healthy
15.4,67.0,0,Healthy,0.0,Healthy
15.4,60.0,0,Healthy,0.0,Healthy
16.9,38.5,0,Healthy,0.0,Healthy
16.0,62.0,0,Healthy,0.0,Healthy
16.0,58.0,0,Healthy,0.0,Healthy
13.9,67.0,0,Healthy,0.0,Healthy
15.8,68.5,0,Healthy,0.0,Healthy
14.9,71.0,1,Medium,0.0,Healthy
14.9,87.5,1,Medium,1.0,Medium
14.8,91.0,2,Poor,1.0,Medium
14.7,87.0,1,Medium,2.0,Poor
15.4,72.0,1,Medium,1.0,Medium
14.9,68.5,0,Healthy,1.0,Medium
14.5,74.0,1,Medium,0.0,Healthy
15.1,66.5,0,Healthy,1.0,Medium
15.8,63.0,0,Healthy,0.0,Healthy
16.4,48.0,0,Healthy,0.0,Healthy
16.0,65.0,0,Healthy,0.0,Healthy
15.9,59.0,0,Healthy,0.0,Healthy
15.3,62.0,0,Healthy,0.0,Healthy
15.1,66.5,0,Healthy,0.0,Healthy
16.0,71.5,1,Medium,0.0,Healthy
15.3,76.5,1,Medium,1.0,Medium
16.0,54.0,0,Healthy,1.0,Medium
16.4,71.0,1,Medium,0.0,Healthy
15.6,77.5,1,Medium,1.0,Medium
15.6,81.0,1,Medium,1.0,Medium
15.4,87.5,1,Medium,1.0,Medium
14.7,90.5,2,Poor,1.0,Medium
15.7,66.5,0,Healthy,2.0,Poor
15.9,59.0,0,Healthy,0.0,Healthy
15.6,81.0,1,Medium,0.0,Healthy
15.9,64.0,0,Healthy,1.0,Medium
16.1,64.0,0,Healthy,0.0,Healthy
15.2,69.5,0,Healthy,0.0,Healthy
14.9,55.5,0,Healthy,0.0,Healthy
14.3,42.0,0,Healthy,0.0,Healthy
15.3,47.5,0,Healthy,0.0,Healthy
17.0,46.0,0,Healthy,0.0,Healthy
15.7,71.5,1,Medium,0.0,Healthy
16.0,72.5,1,Medium,1.0,Medium
15.9,69.5,1,Medium,1.0,Medium
16.6,52.0,0,Healthy,1.0,Medium
15.4,61.5,0,Healthy,0.0,Healthy
15.2,62.5,0,Healthy,0.0,Healthy
16.2,41.0,0,Healthy,0.0,Healthy
16.1,80.0,1,Medium,0.0,Healthy
15.6,75.5,1,Medium,1.0,Medium
15.8,65.5,0,Healthy,1.0,Medium
15.9,47.5,0,Healthy,0.0,Healthy
15.9,71.5,1,Medium,0.0,Healthy
15.2,59.0,0,Healthy,1.0,Medium
15.6,56.5,0,Healthy,0.0,Healthy
14.9,68.5,0,Healthy,0.0,Healthy
15.4,45.5,0,Healthy,0.0,Healthy
14.2,56.0,0,Healthy,0.0,Healthy
14.8,30.5,0,Healthy,0.0,Healthy
14.6,47.0,0,Healthy,0.0,Healthy
15.3,47.5,0,Healthy,0.0,Healthy
15.3,65.0,0,Healthy,0.0,Healthy
16.8,60.5,0,Healthy,0.0,Healthy
15.3,57.5,0,Healthy,0.0,Healthy
14.8,60.5,0,Healthy,0.0,Healthy
14.9,38.0,0,Healthy,0.0,Healthy
16.4,56.0,0,Healthy,0.0,Healthy
15.7,68.0,0,Healthy,0.0,Healthy
15.2,59.0,0,Healthy,0.0,Healthy
15.4,60.0,0,Healthy,0.0,Healthy
15.6,53.0,0,Healthy,0.0,Healthy
15.6,53.0,0,Healthy,0.0,Healthy
15.7,57.5,0,Healthy,0.0,Healthy
16.0,71.0,1,Medium,0.0,Healthy
15.4,72.5,1,Medium,1.0,Medium
15.3,60.5,0,Healthy,1.0,Medium
14.6,70.0,1,Medium,0.0,Healthy
14.5,70.5,1,Medium,1.0,Medium
10.5,93.5,2,Poor,1.0,Medium
13.6,64.5,0,Healthy,2.0,Poor
13.8,85.5,1,Medium,0.0,Healthy
13.9,66.5,0,Healthy,1.0,Medium
14.4,61.0,0,Healthy,0.0,Healthy
14.1,51.0,0,Healthy,0.0,Healthy
14.3,45.0,0,Healthy,0.0,Healthy
14.3,46.5,0,Healthy,0.0,Healthy
15.6,44.0,0,Healthy,0.0,Healthy
13.9,75.5,1,Medium,0.0,Healthy
14.3,85.0,1,Medium,1.0,Medium
15.0,88.5,1,Medium,1.0,Medium
14.8,84.0,1,Medium,1.0,Medium
15.1,76.5,1,Medium,1.0,Medium
15.6,53.5,0,Healthy,1.0,Medium
15.2,58.5,0,Healthy,0.0,Healthy
15.3,74.0,1,Medium,0.0,Healthy
14.4,80.5,1,Medium,1.0,Medium
15.6,54.0,0,Healthy,1.0,Medium
15.9,65.0,0,Healthy,0.0,Healthy
15.9,66.0,0,Healthy,0.0,Healthy
13.7,61.5,0,Healthy,0.0,Healthy
12.8,26.0,1,Medium,0.0,Healthy
12.5,51.5,0,Healthy,1.0,Medium
12.8,21.0,1,Medium,0.0,Healthy
13.2,31.0,1,Medium,1.0,Medium
13.6,43.0,0,Healthy,1.0,Medium
14.4,43.0,0,Healthy,0.0,Healthy
14.8,59.0,0,Healthy,0.0,Healthy
15.1,80.0,1,Medium,0.0,Healthy
14.5,76.0,1,Medium,1.0,Medium
14.3,77.0,1,Medium,1.0,Medium
14.3,74.0,1,Medium,1.0,Medium
13.8,53.0,0,Healthy,1.0,Medium
13.3,27.0,1,Medium,0.0,Healthy
12.6,37.5,0,Healthy,1.0,Medium
15.2,25.0,1,Medium,0.0,Healthy
15.1,66.5,0,Healthy,1.0,Medium
15.1,43.0,0,Healthy,0.0,Healthy
15.8,53.0,0,Healthy,0.0,Healthy
14.9,71.5,1,Medium,0.0,Healthy
13.8,58.0,0,Healthy,1.0,Medium
13.7,54.5,0,Healthy,0.0,Healthy
13.8,45.5,0,Healthy,0.0,Healthy
14.1,87.0,1,Medium,0.0,Healthy
15.1,80.5,1,Medium,1.0,Medium
14.9,85.0,1,Medium,1.0,Medium
14.8,73.5,1,Medium,1.0,Medium
15.1,44.5,0,Healthy,1.0,Medium
14.9,39.5,0,Healthy,0.0,Healthy
13.8,64.5,0,Healthy,0.0,Healthy
14.1,54.0,0,Healthy,0.0,Healthy
13.8,46.0,0,Healthy,0.0,Healthy
14.9,55.5,0,Healthy,0.0,Healthy
14.2,79.5,1,Medium,0.0,Healthy
15.3,88.0,1,Medium,1.0,Medium
16.4,70.0,1,Medium,1.0,Medium
15.0,84.5,1,Medium,1.0,Medium
15.6,70.0,1,Medium,1.0,Medium
15.3,72.0,1,Medium,1.0,Medium
15.3,78.0,1,Medium,1.0,Medium
15.1,72.5,1,Medium,1.0,Medium
14.2,62.0,0,Healthy,1.0,Medium
12.9,32.5,0,Healthy,0.0,Healthy
14.3,30.0,1,Medium,0.0,Healthy
15.4,51.5,0,Healthy,1.0,Medium
14.7,44.0,0,Healthy,0.0,Healthy
14.7,27.0,1,Medium,0.0,Healthy
14.3,28.5,1,Medium,1.0,Medium
14.8,18.0,1,Medium,1.0,Medium
16.4,35.5,0,Healthy,1.0,Medium
15.5,50.5,0,Healthy,0.0,Healthy
16.3,51.0,0,Healthy,0.0,Healthy
15.6,79.5,1,Medium,0.0,Healthy
15.8,72.0,1,Medium,1.0,Medium
15.3,58.0,0,Healthy,1.0,Medium
14.3,18.5,1,Medium,0.0,Healthy
15.9,43.5,0,Healthy,1.0,Medium
16.2,54.0,0,Healthy,0.0,Healthy
14.4,55.0,0,Healthy,0.0,Healthy
14.5,34.0,0,Healthy,0.0,Healthy
15.0,40.0,0,Healthy,0.0,Healthy
15.0,82.0,1,Medium,0.0,Healthy
14.3,80.5,1,Medium,1.0,Medium
15.5,67.0,0,Healthy,1.0,Medium
15.0,64.0,0,Healthy,0.0,Healthy
15.1,80.0,1,Medium,0.0,Healthy
15.2,77.5,1,Medium,1.0,Medium
16.2,60.0,0,Healthy,1.0,Medium
15.8,59.5,0,Healthy,0.0,Healthy
15.8,61.0,0,Healthy,0.0,Healthy
16.4,58.5,0,Healthy,0.0,Healthy
15.8,69.0,0,Healthy,0.0,Healthy
15.5,66.0,0,Healthy,0.0,Healthy
15.7,60.0,0,Healthy,0.0,Healthy
15.7,64.0,0,Healthy,0.0,Healthy
14.4,51.0,0,Healthy,0.0,Healthy
16.6,44.5,0,Healthy,0.0,Healthy
15.6,51.5,0,Healthy,0.0,Healthy
16.0,70.0,1,Medium,0.0,Healthy
16.5,54.5,0,Healthy,1.0,Medium
16.2,53.5,0,Healthy,0.0,Healthy
15.6,53.5,0,Healthy,0.0,Healthy
16.5,66.0,0,Healthy,0.0,Healthy
16.6,44.0,0,Healthy,0.0,Healthy
16.3,50.5,0,Healthy,0.0,Healthy
16.7,39.0,0,Healthy,0.0,Healthy
16.4,41.0,0,Healthy,0.0,Healthy
15.8,36.5,0,Healthy,0.0,Healthy
16.3,31.0,1,Medium,0.0,Healthy
17.6,31.0,1,Medium,1.0,Medium
18.4,36.0,0,Healthy,1.0,Medium
16.1,33.5,0,Healthy,0.0,Healthy
16.3,30.0,1,Medium,0.0,Healthy
15.6,30.0,1,Medium,1.0,Medium
15.7,53.0,0,Healthy,1.0,Medium
16.5,44.5,0,Healthy,0.0,Healthy
15.6,48.5,0,Healthy,0.0,Healthy
16.4,36.5,0,Healthy,0.0,Healthy
16.1,41.0,0,Healthy,0.0,Healthy
16.4,38.0,0,Healthy,0.0,Healthy
15.7,59.0,0,Healthy,0.0,Healthy
16.4,38.5,0,Healthy,0.0,Healthy
16.5,61.5,0,Healthy,0.0,Healthy
17.2,62.0,0,Healthy,0.0,Healthy
17.7,59.0,0,Healthy,0.0,Healthy
17.6,57.0,0,Healthy,0.0,Healthy
16.8,33.0,0,Healthy,0.0,Healthy
17.1,31.5,1,Medium,0.0,Healthy
16.8,39.0,0,Healthy,1.0,Medium
17.5,31.5,1,Medium,0.0,Healthy
17.9,53.5,0,Healthy,1.0,Medium
17.5,26.0,1,Medium,0.0,Healthy
17.8,35.5,0,Healthy,1.0,Medium
15.9,47.5,0,Healthy,0.0,Healthy
15.8,57.0,0,Healthy,0.0,Healthy
17.3,74.5,1,Medium,0.0,Healthy
16.7,54.5,0,Healthy,1.0,Medium
16.4,43.5,0,Healthy,0.0,Healthy
17.6,51.0,0,Healthy,0.0,Healthy
16.8,65.0,0,Healthy,0.0,Healthy
16.7,62.5,0,Healthy,0.0,Healthy
15.7,77.0,1,Medium,0.0,Healthy
17.0,55.0,0,Healthy,1.0,Medium
17.3,51.5,0,Healthy,0.0,Healthy
17.2,66.0,0,Healthy,0.0,Healthy
17.2,62.5,0,Healthy,0.0,Healthy
17.0,58.5,0,Healthy,0.0,Healthy
15.4,83.5,1,Medium,0.0,Healthy
17.2,67.5,0,Healthy,1.0,Medium
16.1,81.5,1,Medium,0.0,Healthy
16.8,69.5,1,Medium,1.0,Medium
17.3,63.5,0,Healthy,1.0,Medium
17.6,65.5,0,Healthy,0.0,Healthy
17.6,58.0,0,Healthy,0.0,Healthy
17.9,68.5,1,Medium,0.0,Healthy
17.4,73.5,1,Medium,1.0,Medium
18.4,65.5,0,Healthy,1.0,Medium
17.7,56.5,0,Healthy,0.0,Healthy
18.9,63.0,0,Healthy,0.0,Healthy
19.2,36.0,0,Healthy,0.0,Healthy
17.9,45.5,0,Healthy,0.0,Healthy
18.0,48.0,0,Healthy,0.0,Healthy
17.7,58.5,0,Healthy,0.0,Healthy
16.3,60.0,0,Healthy,0.0,Healthy
15.9,55.5,0,Healthy,0.0,Healthy
16.5,40.5,0,Healthy,0.0,Healthy
17.3,46.5,0,Healthy,0.0,Healthy
17.2,46.5,0,Healthy,0.0,Healthy
17.2,58.0,0,Healthy,0.0,Healthy
16.9,38.0,0,Healthy,0.0,Healthy
17.9,42.0,0,Healthy,0.0,Healthy
18.0,43.5,0,Healthy,0.0,Healthy
18.0,45.0,0,Healthy,0.0,Healthy
17.7,58.0,0,Healthy,0.0,Healthy
17.0,60.5,0,Healthy,0.0,Healthy
17.3,56.5,0,Healthy,0.0,Healthy
18.4,55.0,0,Healthy,0.0,Healthy
17.2,67.5,0,Healthy,0.0,Healthy
17.4,58.0,0,Healthy,0.0,Healthy
18.2,65.0,0,Healthy,0.0,Healthy
16.8,77.0,1,Medium,0.0,Healthy
16.5,70.5,1,Medium,1.0,Medium
17.1,73.5,1,Medium,1.0,Medium
16.8,73.5,1,Medium,1.0,Medium
16.9,72.5,1,Medium,1.0,Medium
17.5,67.5,0,Healthy,1.0,Medium
16.4,74.0,1,Medium,0.0,Healthy
16.6,76.5,1,Medium,1.0,Medium
17.8,67.0,0,Healthy,1.0,Medium
16.8,71.5,1,Medium,0.0,Healthy
16.2,72.0,1,Medium,1.0,Medium
15.9,80.0,1,Medium,1.0,Medium
16.8,71.0,1,Medium,1.0,Medium
16.9,69.0,1,Medium,1.0,Medium
16.9,75.5,1,Medium,1.0,Medium
16.8,73.5,1,Medium,1.0,Medium
16.9,73.0,1,Medium,1.0,Medium
16.6,68.5,1,Medium,1.0,Medium
16.8,70.5,1,Medium,1.0,Medium
16.4,75.0,1,Medium,1.0,Medium
16.4,79.5,1,Medium,1.0,Medium
16.5,66.0,0,Healthy,1.0,Medium
16.4,58.0,0,Healthy,0.0,Healthy
16.8,76.0,1,Medium,0.0,Healthy
16.8,73.5,1,Medium,1.0,Medium
16.8,78.5,1,Medium,1.0,Medium
15.6,81.0,1,Medium,1.0,Medium
15.2,87.0,1,Medium,1.0,Medium
14.9,87.0,1,Medium,1.0,Medium
15.5,75.5,1,Medium,1.0,Medium
15.6,76.5,1,Medium,1.0,Medium
16.6,70.5,1,Medium,1.0,Medium
17.2,62.0,0,Healthy,1.0,Medium
16.7,59.5,0,Healthy,0.0,Healthy
16.7,70.0,1,Medium,0.0,Healthy
17.0,60.0,0,Healthy,1.0,Medium
16.2,69.0,1,Medium,0.0,Healthy
16.7,73.5,1,Medium,1.0,Medium
17.5,61.0,0,Healthy,1.0,Medium
17.6,68.5,1,Medium,0.0,Healthy
16.5,73.0,1,Medium,1.0,Medium
15.6,78.0,1,Medium,1.0,Medium
16.0,77.5,1,Medium,1.0,Medium
15.6,75.0,1,Medium,1.0,Medium
15.8,74.5,1,Medium,1.0,Medium
16.0,73.0,1,Medium,1.0,Medium
16.2,75.5,1,Medium,1.0,Medium
15.3,89.5,1,Medium,1.0,Medium
15.3,90.5,2,Poor,1.0,Medium
16.2,78.5,1,Medium,2.0,Poor
16.5,67.0,0,Healthy,1.0,Medium
17.7,60.0,0,Healthy,0.0,Healthy
17.2,65.0,0,Healthy,0.0,Healthy
17.1,58.0,0,Healthy,0.0,Healthy
15.9,71.0,1,Medium,0.0,Healthy
16.4,64.5,0,Healthy,1.0,Medium
16.1,72.0,1,Medium,0.0,Healthy
16.7,68.0,0,Healthy,1.0,Medium
16.9,56.5,0,Healthy,0.0,Healthy
17.6,40.0,0,Healthy,0.0,Healthy
17.7,53.0,0,Healthy,0.0,Healthy
17.1,55.0,0,Healthy,0.0,Healthy
16.8,60.5,0,Healthy,0.0,Healthy
16.4,59.5,0,Healthy,0.0,Healthy
16.7,64.5,0,Healthy,0.0,Healthy
16.8,45.0,0,Healthy,0.0,Healthy
16.6,70.0,1,Medium,0.0,Healthy
16.0,64.5,0,Healthy,1.0,Medium
16.5,55.0,0,Healthy,0.0,Healthy
16.5,48.0,0,Healthy,0.0,Healthy
17.5,47.5,0,Healthy,0.0,Healthy
17.3,68.5,1,Medium,0.0,Healthy
15.4,73.5,1,Medium,1.0,Medium
16.2,72.0,1,Medium,1.0,Medium
16.1,57.5,0,Healthy,1.0,Medium
17.0,49.5,0,Healthy,0.0,Healthy
17.6,52.0,0,Healthy,0.0,Healthy
17.3,56.5,0,Healthy,0.0,Healthy
16.4,53.0,0,Healthy,0.0,Healthy
17.3,38.5,0,Healthy,0.0,Healthy
17.3,44.0,0,Healthy,0.0,Healthy
17.7,47.5,0,Healthy,0.0,Healthy
16.9,57.0,0,Healthy,0.0,Healthy
16.4,66.0,0,Healthy,0.0,Healthy
17.3,66.0,0,Healthy,0.0,Healthy
17.3,68.5,1,Medium,0.0,Healthy
16.3,80.0,1,Medium,1.0,Medium
15.7,88.0,1,Medium,1.0,Medium
15.3,97.0,2,Poor,1.0,Medium
15.1,85.0,1,Medium,2.0,Poor
15.1,92.5,2,Poor,1.0,Medium
15.8,87.0,1,Medium,2.0,Poor
16.7,79.0,1,Medium,1.0,Medium
15.4,70.0,1,Medium,1.0,Medium
16.3,71.0,1,Medium,1.0,Medium
16.2,74.5,1,Medium,1.0,Medium
15.2,83.0,1,Medium,1.0,Medium
16.3,68.5,0,Healthy,1.0,Medium
16.7,73.5,1,Medium,0.0,Healthy
15.6,84.0,1,Medium,1.0,Medium
16.0,71.0,1,Medium,1.0,Medium
17.0,58.5,0,Healthy,1.0,Medium
17.1,53.0,0,Healthy,0.0,Healthy
15.6,82.0,1,Medium,0.0,Healthy
16.7,72.5,1,Medium,1.0,Medium
16.9,64.5,0,Healthy,1.0,Medium
16.4,49.5,0,Healthy,0.0,Healthy
17.0,50.0,0,Healthy,0.0,Healthy
17.1,63.5,0,Healthy,0.0,Healthy
16.8,68.0,0,Healthy,0.0,Healthy
16.6,76.0,1,Medium,0.0,Healthy
16.2,75.5,1,Medium,1.0,Medium
16.3,80.5,1,Medium,1.0,Medium
15.8,85.5,1,Medium,1.0,Medium
15.1,95.0,2,Poor,1.0,Medium
15.7,77.5,1,Medium,2.0,Poor
15.9,78.5,1,Medium,1.0,Medium
16.4,80.0,1,Medium,1.0,Medium
16.5,77.5,1,Medium,1.0,Medium
16.6,82.0,1,Medium,1.0,Medium
17.3,75.0,1,Medium,1.0,Medium
17.2,75.5,1,Medium,1.0,Medium
16.1,70.5,1,Medium,1.0,Medium
17.7,53.0,0,Healthy,1.0,Medium
16.8,60.5,0,Healthy,0.0,Healthy
16.9,65.5,0,Healthy,0.0,Healthy
16.1,64.5,0,Healthy,0.0,Healthy
16.2,74.5,1,Medium,0.0,Healthy
16.7,74.0,1,Medium,1.0,Medium
16.4,54.5,0,Healthy,1.0,Medium
14.8,73.5,1,Medium,0.0,Healthy
16.4,56.0,0,Healthy,1.0,Medium
16.4,58.0,0,Healthy,0.0,Healthy
15.8,73.5,1,Medium,0.0,Healthy
15.9,71.5,1,Medium,1.0,Medium
16.4,67.5,0,Healthy,1.0,Medium
16.4,71.0,1,Medium,0.0,Healthy
16.8,63.5,0,Healthy,1.0,Medium
16.6,59.5,0,Healthy,0.0,Healthy
16.2,58.5,0,Healthy,0.0,Healthy
15.8,47.0,0,Healthy,0.0,Healthy
15.8,48.0,0,Healthy,0.0,Healthy
16.2,47.0,0,Healthy,0.0,Healthy
16.3,49.0,0,Healthy,0.0,Healthy
16.2,52.0,0,Healthy,0.0,Healthy
16.3,52.5,0,Healthy,0.0,Healthy
16.7,59.5,0,Healthy,0.0,Healthy
17.1,61.0,0,Healthy,0.0,Healthy
17.4,60.0,0,Healthy,0.0,Healthy
16.6,58.0,0,Healthy,0.0,Healthy
16.2,59.0,0,Healthy,0.0,Healthy
16.3,49.5,0,Healthy,0.0,Healthy
17.2,56.0,0,Healthy,0.0,Healthy
16.2,61.0,0,Healthy,0.0,Healthy
16.8,54.5,0,Healthy,0.0,Healthy
16.0,51.0,0,Healthy,0.0,Healthy
16.1,62.5,0,Healthy,0.0,Healthy
16.8,55.5,0,Healthy,0.0,Healthy
17.2,63.0,0,Healthy,0.0,Healthy
16.4,62.5,0,Healthy,0.0,Healthy
16.8,64.0,0,Healthy,0.0,Healthy
16.6,64.0,0,Healthy,0.0,Healthy
17.6,53.0,0,Healthy,0.0,Healthy
16.5,62.0,0,Healthy,0.0,Healthy
16.5,70.5,1,Medium,0.0,Healthy
16.5,61.0,0,Healthy,1.0,Medium
16.6,61.0,0,Healthy,0.0,Healthy
16.9,57.5,0,Healthy,0.0,Healthy
16.3,70.5,1,Medium,0.0,Healthy
16.1,56.5,0,Healthy,1.0,Medium
15.8,47.5,0,Healthy,0.0,Healthy
16.1,66.5,0,Healthy,0.0,Healthy
15.9,74.0,1,Medium,0.0,Healthy
16.4,69.5,1,Medium,1.0,Medium
16.1,76.5,1,Medium,1.0,Medium
16.2,68.0,0,Healthy,1.0,Medium
15.6,68.0,0,Healthy,0.0,Healthy
16.1,62.0,0,Healthy,0.0,Healthy
16.2,73.5,1,Medium,0.0,Healthy
16.2,77.0,1,Medium,1.0,Medium
16.1,87.5,1,Medium,1.0,Medium
16.5,60.0,0,Healthy,1.0,Medium
17.3,52.0,0,Healthy,0.0,Healthy
17.7,54.5,0,Healthy,0.0,Healthy
17.4,57.5,0,Healthy,0.0,Healthy
17.2,56.5,0,Healthy,0.0,Healthy
16.3,68.0,0,Healthy,0.0,Healthy
16.4,73.0,1,Medium,0.0,Healthy
15.4,67.5,0,Healthy,1.0,Medium
16.5,61.5,0,Healthy,0.0,Healthy
16.3,80.5,1,Medium,0.0,Healthy
16.3,84.5,1,Medium,1.0,Medium
16.2,81.0,1,Medium,1.0,Medium
16.3,73.5,1,Medium,1.0,Medium
16.8,60.5,0,Healthy,1.0,Medium
16.0,83.0,1,Medium,0.0,Healthy
15.5,81.0,1,Medium,1.0,Medium
15.8,75.5,1,Medium,1.0,Medium
16.3,55.5,0,Healthy,1.0,Medium
16.1,51.5,0,Healthy,0.0,Healthy
15.8,73.0,1,Medium,0.0,Healthy
14.9,73.0,1,Medium,1.0,Medium
14.9,75.0,1,Medium,1.0,Medium
16.3,85.5,1,Medium,1.0,Medium
15.9,93.0,2,Poor,1.0,Medium
15.4,93.5,2,Poor,2.0,Poor
15.7,76.0,1,Medium,2.0,Poor
15.4,82.0,1,Medium,1.0,Medium
15.867068829371412,82.5,1,Medium,1.0,Medium
15.6,75.26704470968772,1,Medium,1.0,Medium
13.527244957038477,19.787925071602544,1,Medium,1.0,Medium
16.130756396710975,70.0,1,Medium,1.0,Medium
17.3,68.13470616689926,1,Medium,1.0,Medium
14.424412552224778,74.0,1,Medium,1.0,Medium
15.633658208434586,73.5,1,Medium,1.0,Medium
15.821876421957308,87.10938210978654,1,Medium,1.0,Medium
15.344189799798269,72.0,1,Medium,1.0,Medium
15.1,80.0,1,Medium,1.0,Medium
17.3,68.5,1,Medium,1.0,Medium
15.6,81.37304229303282,1,Medium,1.0,Medium
16.87531239371614,72.5,1,Medium,1.0,Medium
15.078521709135916,74.0,1,Medium,1.0,Medium
14.9,87.0,1,Medium,1.0,Medium
15.34442607898602,78.0,1,Medium,1.0,Medium
16.29841833953426,30.997740485048944,1,Medium,1.0,Medium
16.2,75.5,1,Medium,1.0,Medium
14.70467700883347,87.0,1,Medium,1.0,Medium
16.635585194672707,71.0,1,Medium,1.0,Medium
14.7,74.98347463354973,1,Medium,1.0,Medium
14.534507124802667,76.0,1,Medium,1.0,Medium
14.6,86.5,1,Medium,1.0,Medium
17.231929454844522,68.5,1,Medium,1.0,Medium
13.71597195835115,30.530934583317137,1,Medium,1.0,Medium
14.355221683542691,74.0,1,Medium,1.0,Medium
14.02115723562853,85.77644654453566,1,Medium,1.0,Medium
14.78146065522412,75.0,1,Medium,1.0,Medium
16.2,74.5,1,Medium,1.0,Medium
15.973930891212282,87.5,1,Medium,1.0,Medium
16.148431987655485,70.5,1,Medium,1.0,Medium
16.11968602436201,74.5,1,Medium,1.0,Medium
14.388120253778414,86.23515031722302,1,Medium,1.0,Medium
15.80828842955258,85.5,1,Medium,1.0,Medium
15.47976488848891,82.0,1,Medium,1.0,Medium
15.98164318732194,71.5,1,Medium,1.0,Medium
16.28066195000618,82.39917256249228,1,Medium,1.0,Medium
14.9,87.0,1,Medium,1.0,Medium
15.498360244651856,82.0,1,Medium,1.0,Medium
14.469581280679089,74.0,1,Medium,1.0,Medium
14.514164119518629,76.0,1,Medium,1.0,Medium
13.982301372484525,30.67404109479812,1,Medium,1.0,Medium
16.877975895243445,69.11012052378277,1,Medium,1.0,Medium
14.415540187024794,28.066724298657025,1,Medium,1.0,Medium
14.742850313841917,73.5,1,Medium,1.0,Medium
15.634866598729172,75.5,1,Medium,1.0,Medium
17.14808827554571,31.45191172445429,1,Medium,1.0,Medium
15.32379069420416,76.0,1,Medium,1.0,Medium
17.40121398945624,31.19878601054376,1,Medium,1.0,Medium
16.1,74.5,1,Medium,1.0,Medium
16.5,70.5,1,Medium,1.0,Medium
15.535138023407857,73.5,1,Medium,1.0,Medium
17.37943516422777,68.5,1,Medium,1.0,Medium
17.137278513778686,75.5,1,Medium,1.0,Medium
16.245855202617243,78.27072398691378,1,Medium,1.0,Medium
16.247892199672542,75.0,1,Medium,1.0,Medium
16.27714499782027,81.0,1,Medium,1.0,Medium
14.934990985419187,74.91252253645203,1,Medium,1.0,Medium
16.801783165667057,69.49108417166472,1,Medium,1.0,Medium
15.254990767381305,83.25831794563551,1,Medium,1.0,Medium
16.978248752449122,75.5,1,Medium,1.0,Medium
15.7,75.50187315012104,1,Medium,1.0,Medium
15.5,78.9827096756444,1,Medium,1.0,Medium
15.14417065463929,83.0,1,Medium,1.0,Medium
16.4,79.94131817159467,1,Medium,1.0,Medium
15.837741421668277,75.5,1,Medium,1.0,Medium
14.627887135259218,86.63943567629609,1,Medium,1.0,Medium
14.929964217002723,71.14982108501361,1,Medium,1.0,Medium
14.40865617025278,26.846661142238307,1,Medium,1.0,Medium
14.08448643781714,18.859189270304768,1,Medium,1.0,Medium
15.278647561863345,73.5,1,Medium,1.0,Medium
16.12244598024781,80.0,1,Medium,1.0,Medium
14.840371379507005,70.92546422438376,1,Medium,1.0,Medium
15.080690498266284,73.5,1,Medium,1.0,Medium
16.928272520891156,31.39267032555697,1,Medium,1.0,Medium
15.800696476414268,85.0,1,Medium,1.0,Medium
14.441931337856357,74.0,1,Medium,1.0,Medium
15.3,76.18614138328087,1,Medium,1.0,Medium
16.42394662301689,71.02993327877111,1,Medium,1.0,Medium
16.3,80.5,1,Medium,1.0,Medium
16.828392097473746,72.5,1,Medium,1.0,Medium
16.06107277206888,75.5,1,Medium,1.0,Medium
14.3,76.74280687679311,1,Medium,1.0,Medium
16.1,74.5,1,Medium,1.0,Medium
15.9,71.5,1,Medium,1.0,Medium
15.723147676874142,30.175925252677345,1,Medium,1.0,Medium
16.2,73.5,1,Medium,1.0,Medium
15.498778743036686,70.0,1,Medium,1.0,Medium
16.364235458155733,77.0,1,Medium,1.0,Medium
14.90994063537486,76.5,1,Medium,1.0,Medium
16.123251156916968,78.5,1,Medium,1.0,Medium
16.8,73.5,1,Medium,1.0,Medium
16.56919392081476,70.5,1,Medium,1.0,Medium
14.31701609222196,87.0,1,Medium,1.0,Medium
16.8,71.24559296158063,1,Medium,1.0,Medium
16.47273347636282,76.0,1,Medium,1.0,Medium
15.6,81.0,1,Medium,1.0,Medium
16.858987084756055,72.5,1,Medium,1.0,Medium
15.4021107141725,70.0105535708625,1,Medium,1.0,Medium
14.79734843059189,85.25662892352027,1,Medium,1.0,Medium
14.909390121228144,71.5,1,Medium,1.0,Medium
17.06968169034687,72.5,1,Medium,1.0,Medium
16.2,73.5,1,Medium,1.0,Medium
16.177448318984716,77.5,1,Medium,1.0,Medium
16.73310759403369,78.83446202983156,1,Medium,1.0,Medium
14.54074973047843,74.0,1,Medium,1.0,Medium
16.223018526824156,81.0,1,Medium,1.0,Medium
16.20016132402305,80.0,1,Medium,1.0,Medium
15.057200419920918,80.0,1,Medium,1.0,Medium
14.346289197138738,74.0,1,Medium,1.0,Medium
16.478198114122783,77.5,1,Medium,1.0,Medium
16.501634846760798,70.5,1,Medium,1.0,Medium
16.80601109720181,73.0,1,Medium,1.0,Medium
15.4,70.0,1,Medium,1.0,Medium
14.3,76.94174701113313,1,Medium,1.0,Medium
15.57477187738974,81.0,1,Medium,1.0,Medium
16.395307184702393,80.0,1,Medium,1.0,Medium
15.6,75.5,1,Medium,1.0,Medium
16.134170509949353,85.77638248341775,1,Medium,1.0,Medium
16.442770753082915,70.0,1,Medium,1.0,Medium
15.403933683256792,82.0,1,Medium,1.0,Medium
16.792465374399388,78.53767312800306,1,Medium,1.0,Medium
15.6,81.0,1,Medium,1.0,Medium
14.595455515575171,82.40454448442483,1,Medium,1.0,Medium
16.426847485689013,73.0,1,Medium,1.0,Medium
16.397055974855263,77.75736006286184,1,Medium,1.0,Medium
16.5,70.5,1,Medium,1.0,Medium
15.51840744004284,77.0,1,Medium,1.0,Medium
15.9,71.5,1,Medium,1.0,Medium
16.1,74.5,1,Medium,1.0,Medium
15.81408322616991,73.0,1,Medium,1.0,Medium
15.479108128238463,70.39554064119233,1,Medium,1.0,Medium
15.934228703364813,75.5,1,Medium,1.0,Medium
17.42067660935192,31.179323390648083,1,Medium,1.0,Medium
15.1,80.0,1,Medium,1.0,Medium
16.452354705790533,81.85235470579053,1,Medium,1.0,Medium
17.532255076423862,31.3387246178807,1,Medium,1.0,Medium
16.384866979492465,71.0,1,Medium,1.0,Medium
15.6,81.0,1,Medium,1.0,Medium
14.483564398764049,86.35445549845505,1,Medium,1.0,Medium
15.65528199769079,77.5,1,Medium,1.0,Medium
16.68139594254088,71.0,1,Medium,1.0,Medium
16.6,76.29010957177687,1,Medium,1.0,Medium
13.171896528202772,26.743793056405543,1,Medium,1.0,Medium
15.30575685543284,88.5,1,Medium,1.0,Medium
16.78368116391995,69.5,1,Medium,1.0,Medium
15.065048206679878,92.5,2,Poor,1.0,Medium
15.374771877389742,94.38298429135904,2,Poor,2.0,Poor
14.026365833988626,92.54692815297604,2,Poor,2.0,Poor
14.932300121868206,91.0,2,Poor,2.0,Poor
14.634170509949351,92.5,2,Poor,2.0,Poor
14.928312259248749,92.5,2,Poor,2.0,Poor
15.094099475114811,92.5,2,Poor,2.0,Poor
15.862326871996936,93.03767312800306,2,Poor,2.0,Poor
15.238860596142564,96.38860596142564,2,Poor,2.0,Poor
15.157273309345104,94.71363345327448,2,Poor,2.0,Poor
14.907389942756064,91.0,2,Poor,2.0,Poor
14.994111949710526,91.0,2,Poor,2.0,Poor
15.17453737341881,95.74537373418808,2,Poor,2.0,Poor
14.98159255995716,92.5,2,Poor,2.0,Poor
15.493472115564211,93.42210657036316,2,Poor,2.0,Poor
14.52099494955675,92.5,2,Poor,2.0,Poor
15.114083226169909,95.14083226169907,2,Poor,2.0,Poor
15.979108128238463,93.0,2,Poor,2.0,Poor
14.697313889905567,92.5,2,Poor,2.0,Poor
14.992405965611152,92.5,2,Poor,2.0,Poor
14.352498189441842,92.5,2,Poor,2.0,Poor
15.159058117683788,95.59058117683789,2,Poor,2.0,Poor
14.76774492357614,90.8387246178807,2,Poor,2.0,Poor
15.284866979492469,90.57566510253768,2,Poor,2.0,Poor
14.281972798865215,92.5,2,Poor,2.0,Poor
15.825346598146073,93.14554450154496,2,Poor,2.0,Poor
14.934154006927628,92.5,2,Poor,2.0,Poor
14.28895304309434,92.5,2,Poor,2.0,Poor
14.758021914355371,90.79010957177688,2,Poor,2.0,Poor
15.771896528202772,93.12810347179725,2,Poor,2.0,Poor
14.733091773480592,92.5,2,Poor,2.0,Poor
14.791840581959976,90.95920290979988,2,Poor,2.0,Poor
15.9005184862774,93.0,2,Poor,2.0,Poor
15.237210558505137,90.81394720747431,2,Poor,2.0,Poor
15.49713697675602,93.40286302324398,2,Poor,2.0,Poor
15.435470458499964,93.46452954150004,2,Poor,2.0,Poor
14.619035148164167,92.5,2,Poor,2.0,Poor
15.430461118623638,93.4746157344803,2,Poor,2.0,Poor
15.931970289370396,93.05669142552468,2,Poor,2.0,Poor
10.610467087494818,93.47238322812628,2,Poor,2.0,Poor
12.641800113377966,92.92113510449244,2,Poor,2.0,Poor
12.122354255166922,93.06152587698192,2,Poor,2.0,Poor
15.16559477294096,95.6559477294096,2,Poor,2.0,Poor
14.767184733252527,90.83592366626264,2,Poor,2.0,Poor
15.146512485018324,94.7674375749084,2,Poor,2.0,Poor
15.398184088831051,93.56355689091316,2,Poor,2.0,Poor
15.983893350206936,93.0,2,Poor,2.0,Poor
15.913959538168832,93.0,2,Poor,2.0,Poor
15.099899455793654,91.0,2,Poor,2.0,Poor
15.292233053114115,96.92233053114116,2,Poor,2.0,Poor
14.890979654401969,92.5,2,Poor,2.0,Poor
14.938875271841004,92.5,2,Poor,2.0,Poor
14.402004627461189,92.5,2,Poor,2.0,Poor
15.048360701136277,92.5,2,Poor,2.0,Poor
15.137074250508157,90.5,2,Poor,2.0,Poor
15.420848901765538,93.48262591519538,2,Poor,2.0,Poor
15.945726516161374,93.0,2,Poor,2.0,Poor
15.90521384500719,93.078988462494,2,Poor,2.0,Poor
14.816628020396925,90.5,2,Poor,2.0,Poor
15.053187656965992,90.5,2,Poor,2.0,Poor
15.550243894616404,93.3497561053836,2,Poor,2.0,Poor
14.45849407227466,92.5,2,Poor,2.0,Poor
15.833627288878516,93.06637271112147,2,Poor,2.0,Poor
14.809138939865752,92.5,2,Poor,2.0,Poor
14.628757062507972,92.5,2,Poor,2.0,Poor
15.304106751676787,96.85626369131244,2,Poor,2.0,Poor
15.639292540866878,93.3005895492776,2,Poor,2.0,Poor
12.104026729048746,93.06647926241926,2,Poor,2.0,Poor
15.84642558579947,93.12797867850044,2,Poor,2.0,Poor
14.875258158203998,92.5,2,Poor,2.0,Poor
14.781566632566864,90.90783316283432,2,Poor,2.0,Poor
14.775738110014842,92.5,2,Poor,2.0,Poor
12.084763557278398,93.07168552505988,2,Poor,2.0,Poor
15.931150009923464,93.0,2,Poor,2.0,Poor
14.734916157305063,90.5,2,Poor,2.0,Poor
15.208478627237351,90.95760686381324,2,Poor,2.0,Poor
15.734588662161338,93.22117611486556,2,Poor,2.0,Poor
15.156127584505558,90.5,2,Poor,2.0,Poor
14.771838012975612,92.5,2,Poor,2.0,Poor
15.890280401735616,93.09143299855366,2,Poor,2.0,Poor
14.760768398403826,92.5,2,Poor,2.0,Poor
15.263827059384337,90.68086470307831,2,Poor,2.0,Poor
14.78998224554406,92.5,2,Poor,2.0,Poor
14.69713339855005,92.5,2,Poor,2.0,Poor
15.738596260793264,93.21783644933896,2,Poor,2.0,Poor
14.661976410062907,92.5,2,Poor,2.0,Poor
15.271370323385012,90.5,2,Poor,2.0,Poor
15.616981394752962,93.28301860524704,2,Poor,2.0,Poor
14.784135355235753,90.92067677617877,2,Poor,2.0,Poor
14.272098788683383,92.5,2,Poor,2.0,Poor
14.60256390001492,92.5,2,Poor,2.0,Poor
15.944920560511935,93.04589953290672,2,Poor,2.0,Poor
14.756494192961137,90.5,2,Poor,2.0,Poor
11.745653237565175,93.1885866906087,2,Poor,2.0,Poor
14.12418895589958,92.5204894713785,2,Poor,2.0,Poor
14.7474009190332,92.5,2,Poor,2.0,Poor
14.710296661099049,90.5,2,Poor,2.0,Poor
15.329009326901174,93.85495336549414,2,Poor,2.0,Poor
15.884147786230468,93.0965435114746,2,Poor,2.0,Poor
15.93463043210894,93.0,2,Poor,2.0,Poor
14.660597856118118,92.5,2,Poor,2.0,Poor
14.905067895207171,92.5,2,Poor,2.0,Poor
10.692235696788137,93.45194107580296,2,Poor,2.0,Poor
14.79491457315914,90.9745728657957,2,Poor,2.0,Poor
14.76799176762117,90.5,2,Poor,2.0,Poor
11.46530640636434,93.23910637665828,2,Poor,2.0,Poor
15.095408637912884,92.5,2,Poor,2.0,Poor
15.286687261615898,96.86687261615896,2,Poor,2.0,Poor
15.649480058042371,93.25051994195763,2,Poor,2.0,Poor
15.953937744840006,93.0,2,Poor,2.0,Poor
15.810378261638885,93.15801811530092,2,Poor,2.0,Poor
15.76951069863395,93.19207441780505,2,Poor,2.0,Poor
15.966334962736454,93.02805419771964,2,Poor,2.0,Poor
14.794425159712516,90.9721257985626,2,Poor,2.0,Poor
14.239840319933498,92.5,2,Poor,2.0,Poor
12.85469331055024,92.863596402554,2,Poor,2.0,Poor
14.78009492946824,90.9004746473412,2,Poor,2.0,Poor
14.403150502714894,92.5,2,Poor,2.0,Poor
15.957336704167194,93.0,2,Poor,2.0,Poor
14.838550105970173,92.5,2,Poor,2.0,Poor
14.2566387469792,92.5,2,Poor,2.0,Poor
15.26412789514879,96.6412789514879,2,Poor,2.0,Poor
14.387781901030472,92.5,2,Poor,2.0,Poor
14.717957315622872,90.58978657811436,2,Poor,2.0,Poor
14.604554568442664,92.5,2,Poor,2.0,Poor
15.14133687197535,95.41336871975348,2,Poor,2.0,Poor
14.909584450928454,91.0,2,Poor,2.0,Poor
15.257082176058326,96.57082176058326,2,Poor,2.0,Poor
15.262274091677202,90.688629541614,2,Poor,2.0,Poor
14.788311060306931,92.5,2,Poor,2.0,Poor
15.938174611566213,93.0,2,Poor,2.0,Poor
15.966344578511128,93.0,2,Poor,2.0,Poor
14.396716790614224,92.5,2,Poor,2.0,Poor
15.592698310482785,93.30730168951722,2,Poor,2.0,Poor
14.927354532410885,91.0,2,Poor,2.0,Poor
14.602187370839273,92.5,2,Poor,2.0,Poor
14.878208358470772,92.5,2,Poor,2.0,Poor
15.651981272853297,93.2480187271467,2,Poor,2.0,Poor
14.292132892392418,92.5,2,Poor,2.0,Poor
15.609001962671918,93.3258316977734,2,Poor,2.0,Poor
15.080994445556712,92.5,2,Poor,2.0,Poor
14.488244101997308,92.5,2,Poor,2.0,Poor
14.674616190485327,92.5,2,Poor,2.0,Poor
14.703241944847974,90.51620972423989,2,Poor,2.0,Poor
14.528783129948852,92.5,2,Poor,2.0,Poor
14.327041282692434,92.5,2,Poor,2.0,Poor
12.774081134999832,92.93147971625004,2,Poor,2.0,Poor
15.272777372577426,94.13611313711289,2,Poor,2.0,Poor
15.319494326589892,93.90252836705054,2,Poor,2.0,Poor
15.125537945884492,95.25537945884491,2,Poor,2.0,Poor
15.099993420313558,91.0,2,Poor,2.0,Poor
15.94194559876561,93.0,2,Poor,2.0,Poor
14.713288339279028,90.56644169639516,2,Poor,2.0,Poor
14.631439992356867,92.5,2,Poor,2.0,Poor
14.956841884125796,92.5,2,Poor,2.0,Poor
15.739922389950124,93.16007761004988,2,Poor,2.0,Poor
15.926009123955264,93.0,2,Poor,2.0,Poor
14.271470845721192,92.5,2,Poor,2.0,Poor
15.96222711138237,93.0,2,Poor,2.0,Poor
14.986269010587774,91.0,2,Poor,2.0,Poor
12.337276405527389,93.00343880931692,2,Poor,2.0,Poor
14.933770851731522,90.5,2,Poor,2.0,Poor
15.970236482549067,93.0,2,Poor,2.0,Poor
14.22999546614856,92.5,2,Poor,2.0,Poor
15.178605881301053,91.0,2,Poor,2.0,Poor
15.4207292515584,93.4792707484416,2,Poor,2.0,Poor
15.354142943228675,93.7292852838566,2,Poor,2.0,Poor
14.912943114277631,90.5,2,Poor,2.0,Poor
15.087040265537937,92.5,2,Poor,2.0,Poor
15.738384952212153,93.16161504778783,2,Poor,2.0,Poor
14.355243715107209,92.5,2,Poor,2.0,Poor
12.324194933755678,93.0069743422282,2,Poor,2.0,Poor
10.80815232142246,93.41671558880472,2,Poor,2.0,Poor
15.85414792637076,93.04585207362923,2,Poor,2.0,Poor
14.680732277770336,92.5,2,Poor,2.0,Poor
15.73222183140748,93.2231484738271,2,Poor,2.0,Poor
14.721272789502423,90.60636394751212,2,Poor,2.0,Poor
15.110761091423662,95.10761091423662,2,Poor,2.0,Poor
15.03438881514136,92.5,2,Poor,2.0,Poor
15.288653539798256,90.55673230100872,2,Poor,2.0,Poor
15.393092910568727,93.74174813009448,2,Poor,2.0,Poor
15.415451074879352,93.4871241042672,2,Poor,2.0,Poor
14.80162750318787,91.0,2,Poor,2.0,Poor
15.116761346403203,94.91619326798396,2,Poor,2.0,Poor
15.021110667037302,92.5,2,Poor,2.0,Poor
14.754591577016498,90.77295788508248,2,Poor,2.0,Poor
13.111576490351167,92.7941685161213,2,Poor,2.0,Poor
15.187460777589653,91.0,2,Poor,2.0,Poor
15.587181993894976,93.34401500508751,2,Poor,2.0,Poor
14.783696387423738,90.91848193711868,2,Poor,2.0,Poor
15.060060611593252,92.5,2,Poor,2.0,Poor
15.819240381881992,93.080759618118,2,Poor,2.0,Poor
15.214781704990612,96.14781704990612,2,Poor,2.0,Poor
14.966454149457382,92.5,2,Poor,2.0,Poor
15.637990961172552,93.30167419902288,2,Poor,2.0,Poor
14.735138145266069,92.5,2,Poor,2.0,Poor
14.543981446507608,92.5,2,Poor,2.0,Poor
14.75133261686924,90.7566630843462,2,Poor,2.0,Poor
15.923322807242451,93.0,2,Poor,2.0,Poor
14.925608374831963,92.5,2,Poor,2.0,Poor
15.2863138521989,90.56843073900548,2,Poor,2.0,Poor
15.928215981183053,93.05982001568078,2,Poor,2.0,Poor
15.542011116209247,93.38165740315895,2,Poor,2.0,Poor
14.709230629365145,90.54615314682572,2,Poor,2.0,Poor
14.74081112611787,90.70405563058937,2,Poor,2.0,Poor
15.335021824670031,95.77423613654892,2,Poor,2.0,Poor
15.08327247823328,91.0,2,Poor,2.0,Poor
15.659166506017945,93.24083349398204,2,Poor,2.0,Poor
15.213396277036676,94.43301861481662,2,Poor,2.0,Poor
15.823050618577996,93.14745781785167,2,Poor,2.0,Poor
15.92487241544303,93.0,2,Poor,2.0,Poor
14.89907575870573,92.5,2,Poor,2.0,Poor
14.33033555334648,92.5,2,Poor,2.0,Poor
14.27610465216194,92.5,2,Poor,2.0,Poor
15.940520208678144,93.0,2,Poor,2.0,Poor
15.685736512602508,93.21426348739747,2,Poor,2.0,Poor
15.974097386091069,93.0,2,Poor,2.0,Poor
15.376719485310858,94.31481801412,2,Poor,2.0,Poor
14.78227903518767,90.91139517593837,2,Poor,2.0,Poor
14.27673650291701,92.5,2,Poor,2.0,Poor
15.93189605729031,93.0,2,Poor,2.0,Poor
14.871251941387742,92.5,2,Poor,2.0,Poor
15.240022289287202,90.799888553564,2,Poor,2.0,Poor
14.656685532735931,92.5,2,Poor,2.0,Poor
15.441445660846677,93.45855433915332,2,Poor,2.0,Poor
14.341488963610836,92.5,2,Poor,2.0,Poor
15.025465667357375,91.0,2,Poor,2.0,Poor
14.44063277470802,92.5,2,Poor,2.0,Poor
15.104419866249144,95.04419866249144,2,Poor,2.0,Poor
14.666801511592777,92.5,2,Poor,2.0,Poor
14.767731361172242,90.8386568058612,2,Poor,2.0,Poor
15.108680156659634,95.08680156659636,2,Poor,2.0,Poor
13.921180321827304,92.5753566697764,2,Poor,2.0,Poor
15.85955785763933,93.04044214236067,2,Poor,2.0,Poor
14.948205899206457,92.5,2,Poor,2.0,Poor
15.23908222462133,96.39082224621328,2,Poor,2.0,Poor
14.47736963587307,92.5,2,Poor,2.0,Poor
15.316621543190928,96.4182459883176,2,Poor,2.0,Poor
15.278319089341352,90.60840455329324,2,Poor,2.0,Poor
15.270550605316055,90.64724697341973,2,Poor,2.0,Poor
15.402084312485314,93.49791568751468,2,Poor,2.0,Poor
15.369692505586382,94.56076230447664,2,Poor,2.0,Poor
14.761579816862078,90.8078990843104,2,Poor,2.0,Poor
15.021130211752906,92.5,2,Poor,2.0,Poor
14.749152605001465,92.5,2,Poor,2.0,Poor
15.904129759259217,93.0,2,Poor,2.0,Poor
15.29421361022423,90.52893194887884,2,Poor,2.0,Poor
15.042191280556748,91.0,2,Poor,2.0,Poor
15.289324393406412,90.55337803296794,2,Poor,2.0,Poor
15.167132012959392,95.67132012959392,2,Poor,2.0,Poor
15.283032009610444,90.5848399519478,2,Poor,2.0,Poor
15.723424180834362,93.17657581916563,2,Poor,2.0,Poor
15.261173161601011,90.69413419199492,2,Poor,2.0,Poor
14.337636847422967,92.5,2,Poor,2.0,Poor
14.359562754978542,92.5,2,Poor,2.0,Poor
15.61620705712316,93.31982745239736,2,Poor,2.0,Poor
14.944030082287442,92.5,2,Poor,2.0,Poor
15.235972254048647,94.32013872975676,2,Poor,2.0,Poor
15.18707361955614,91.0,2,Poor,2.0,Poor
14.283929052150684,92.5,2,Poor,2.0,Poor
14.323362016261656,92.5,2,Poor,2.0,Poor
15.17944362359534,95.7944362359534,2,Poor,2.0,Poor
14.362574585509078,92.5,2,Poor,2.0,Poor
15.060044462432876,92.5,2,Poor,2.0,Poor
14.792379962040084,90.96189981020042,2,Poor,2.0,Poor
15.429734086432308,93.47026591356769,2,Poor,2.0,Poor
15.241663905773848,90.79168047113076,2,Poor,2.0,Poor
15.274348786354247,94.12825606822877,2,Poor,2.0,Poor
15.448494068898665,93.45958827591778,2,Poor,2.0,Poor
15.124824526010592,94.87587736994703,2,Poor,2.0,Poor
15.150664594370316,91.0,2,Poor,2.0,Poor
15.210317574508814,96.10317574508814,2,Poor,2.0,Poor
15.482417130568502,93.4175828694315,2,Poor,2.0,Poor
15.258874488341464,90.70562755829268,2,Poor,2.0,Poor
15.277760228373523,90.61119885813238,2,Poor,2.0,Poor
15.196074016373272,95.96074016373272,2,Poor,2.0,Poor
14.8058855797338,91.0,2,Poor,2.0,Poor
15.337673896993795,95.6814136052172,2,Poor,2.0,Poor
14.649746979985643,92.5,2,Poor,2.0,Poor
15.239298944897886,90.80350527551056,2,Poor,2.0,Poor
14.602501467576092,92.5,2,Poor,2.0,Poor
15.027632587666298,91.0,2,Poor,2.0,Poor
10.754047318360003,93.43648817041,2,Poor,2.0,Poor
10.647287470543963,93.463178132364,2,Poor,2.0,Poor
14.240155635640187,92.5,2,Poor,2.0,Poor
14.4958984105519,92.5,2,Poor,2.0,Poor
15.445215436211477,93.46232046982377,2,Poor,2.0,Poor
15.745857198584456,93.15414280141556,2,Poor,2.0,Poor
15.253434627502946,90.73282686248528,2,Poor,2.0,Poor
13.499642997879889,92.75008925053002,2,Poor,2.0,Poor
15.908683424774235,93.0,2,Poor,2.0,Poor
15.358514953232548,94.95197663686083,2,Poor,2.0,Poor
15.835672506443109,93.13693957796409,2,Poor,2.0,Poor
15.778540601021229,93.12145939897876,2,Poor,2.0,Poor
15.773289670434528,93.1889252746379,2,Poor,2.0,Poor
15.251783033534076,96.51783033534072,2,Poor,2.0,Poor
15.797477335746738,93.10252266425326,2,Poor,2.0,Poor
15.97485575604882,93.0,2,Poor,2.0,Poor
15.245053640594818,96.45053640594818,2,Poor,2.0,Poor
15.320722764900806,96.2747032284718,2,Poor,2.0,Poor
15.063466200243758,92.5,2,Poor,2.0,Poor
15.375699913217224,94.3505030373972,2,Poor,2.0,Poor
14.485931059662636,92.5,2,Poor,2.0,Poor
14.280601744607592,92.5,2,Poor,2.0,Poor
14.79334457739091,92.5,2,Poor,2.0,Poor
14.949449555993768,92.5,2,Poor,2.0,Poor
15.014273581926592,90.5,2,Poor,2.0,Poor
14.55058855298125,92.5,2,Poor,2.0,Poor
14.292333171931316,92.5,2,Poor,2.0,Poor
15.126554294085224,91.0,2,Poor,2.0,Poor
15.980784259263894,93.01601311728008,2,Poor,2.0,Poor
15.908840822336565,93.0,2,Poor,2.0,Poor
15.979181783946965,93.0,2,Poor,2.0,Poor
14.946026461717418,90.5,2,Poor,2.0,Poor
15.244013790105544,94.27993104947228,2,Poor,2.0,Poor
14.626160733599525,92.5,2,Poor,2.0,Poor
15.92153317360557,93.0,2,Poor,2.0,Poor
14.991808407092272,92.5,2,Poor,2.0,Poor
15.883026800511615,93.09747766624032,2,Poor,2.0,Poor
14.112604234706506,92.59684894132336,2,Poor,2.0,Poor
15.591368143951357,93.30863185604863,2,Poor,2.0,Poor
14.421850900369511,92.51953727490762,2,Poor,2.0,Poor
15.960808784954189,93.0,2,Poor,2.0,Poor
15.36366443216223,94.771744874322,2,Poor,2.0,Poor
15.732889365125336,93.2225921957289,2,Poor,2.0,Poor
15.290899790894867,90.54550104552568,2,Poor,2.0,Poor
14.635838219590138,92.5,2,Poor,2.0,Poor
14.364233892069732,92.5,2,Poor,2.0,Poor
12.303641789664418,93.0490895525839,2,Poor,2.0,Poor
14.708952872159673,90.54476436079835,2,Poor,2.0,Poor
15.08081621938322,91.0,2,Poor,2.0,Poor
14.990559089593996,91.0,2,Poor,2.0,Poor
15.748820935746732,93.15117906425328,2,Poor,2.0,Poor
15.338941532702163,93.8052923364892,2,Poor,2.0,Poor
14.362195957616148,92.5,2,Poor,2.0,Poor
14.247372575494389,92.5,2,Poor,2.0,Poor
15.92310822586846,93.0,2,Poor,2.0,Poor
15.286752804429629,96.86752804429626,2,Poor,2.0,Poor
10.683445065618532,93.45413873359536,2,Poor,2.0,Poor
12.983222737688363,92.8791943155779,2,Poor,2.0,Poor
15.965258659177458,93.0,2,Poor,2.0,Poor
15.320913079107852,96.2680422312252,2,Poor,2.0,Poor
15.215929986894349,96.15929986894348,2,Poor,2.0,Poor
14.895062073726072,92.5,2,Poor,2.0,Poor
15.207452683342812,96.07452683342814,2,Poor,2.0,Poor
14.338035747695072,92.5,2,Poor,2.0,Poor
15.216953221189833,96.16953221189831,2,Poor,2.0,Poor
15.340030048891029,95.598948288814,2,Poor,2.0,Poor
15.079067029478772,91.0,2,Poor,2.0,Poor
15.281993272765073,90.59003363617464,2,Poor,2.0,Poor
14.591049560131877,92.5,2,Poor,2.0,Poor
15.753003271385484,93.20583060717875,2,Poor,2.0,Poor
15.287431760485442,90.5628411975728,2,Poor,2.0,Poor
14.645429183540736,92.5,2,Poor,2.0,Poor
15.39731103492701,93.59411377755464,2,Poor,2.0,Poor
15.939806460445904,93.0,2,Poor,2.0,Poor
11.395396263625283,93.27615093409368,2,Poor,2.0,Poor
15.982179063684445,93.0,2,Poor,2.0,Poor
15.96549173721776,93.0,2,Poor,2.0,Poor
15.934761921448269,93.0,2,Poor,2.0,Poor
15.280917191108902,90.5,2,Poor,2.0,Poor
15.029229185524445,90.5,2,Poor,2.0,Poor
14.979345897760489,90.5,2,Poor,2.0,Poor
14.413594890563193,92.5,2,Poor,2.0,Poor
14.563469642262444,92.5,2,Poor,2.0,Poor
15.987125160170036,93.0,2,Poor,2.0,Poor
11.820398053240622,93.16990048668984,2,Poor,2.0,Poor
14.40352517059599,92.5,2,Poor,2.0,Poor
15.944625648262752,93.04614529311438,2,Poor,2.0,Poor
14.344343618216888,92.5,2,Poor,2.0,Poor
15.58732916974235,93.34389235854805,2,Poor,2.0,Poor
14.35349710406418,92.5,2,Poor,2.0,Poor
14.794186609629715,90.5,2,Poor,2.0,Poor
14.986814210427378,92.5,2,Poor,2.0,Poor
10.510380097534586,93.49740497561636,2,Poor,2.0,Poor
15.38683011070356,93.96094612537544,2,Poor,2.0,Poor
15.116903401536137,95.16903401536136,2,Poor,2.0,Poor
14.62081657532337,92.5,2,Poor,2.0,Poor
15.095877098760043,92.5,2,Poor,2.0,Poor
15.946340935401269,93.0,2,Poor,2.0,Poor
15.207595824089257,90.96202087955372,2,Poor,2.0,Poor
14.27083495993522,92.5,2,Poor,2.0,Poor
13.539821635750345,92.7400445910624,2,Poor,2.0,Poor
14.746873424602647,90.73436712301324,2,Poor,2.0,Poor
15.760258030695733,93.13974196930428,2,Poor,2.0,Poor
15.287531727497752,96.87531727497752,2,Poor,2.0,Poor
15.011356544856264,92.5,2,Poor,2.0,Poor
15.139935078576244,94.80032460711878,2,Poor,2.0,Poor
14.687700696758002,92.5,2,Poor,2.0,Poor
15.206664403580175,90.5,2,Poor,2.0,Poor
15.27496162320086,90.62519188399573,2,Poor,2.0,Poor
15.203047215273358,90.9847639236332,2,Poor,2.0,Poor
14.786721498107472,90.93360749053736,2,Poor,2.0,Poor
15.229170665841377,96.29170665841374,2,Poor,2.0,Poor
14.86170170049755,92.5,2,Poor,2.0,Poor
14.768539250040256,92.5,2,Poor,2.0,Poor
15.76870260304691,93.13129739695307,2,Poor,2.0,Poor
15.49114193923798,93.408858060762,2,Poor,2.0,Poor
14.5383790552113,92.5,2,Poor,2.0,Poor
14.847787004236622,92.5,2,Poor,2.0,Poor
14.226761298613615,92.5,2,Poor,2.0,Poor
15.721201338409314,93.23233221799224,2,Poor,2.0,Poor
11.362900722734263,93.2667835884502,2,Poor,2.0,Poor
14.302878059283476,92.5,2,Poor,2.0,Poor
15.010412023427778,91.0,2,Poor,2.0,Poor
15.613062581967585,93.32244784836034,2,Poor,2.0,Poor
13.095291361166304,92.85117715970844,2,Poor,2.0,Poor
15.20408357964915,96.04083579649148,2,Poor,2.0,Poor
15.649480309171498,93.29209974235708,2,Poor,2.0,Poor
15.926317752460507,93.0,2,Poor,2.0,Poor
15.244225773404956,90.7788711329752,2,Poor,2.0,Poor
15.241346456533924,90.79326771733038,2,Poor,2.0,Poor
14.743554145747735,90.71777072873869,2,Poor,2.0,Poor
15.627263575570774,93.31061368702436,2,Poor,2.0,Poor
14.902468100323151,90.5,2,Poor,2.0,Poor
14.830105780856496,92.5,2,Poor,2.0,Poor
